Order_ID,Year,Quarter,Month,Day,Customer_Name,City,Product
ORD1002,2025,Qtr 2,June,30,Neha,Delhi,Chair
ORD1003,2025,Qtr 1,February,3,Rohit,Pune,Watch
ORD1004,2025,Qtr 2,May,6,Amit,Jaipur,Mouse
ORD1012,2025,Qtr 1,March,3,Vikas,Jaipur,Shoes
ORD1013,2025,Qtr 2,April,30,Rohit,Mumbai,Shoes
ORD1016,2025,Qtr 1,March,31,Sneha,Pune,Laptop
ORD1021,2025,Qtr 1,January,27,Priya,Pune,Chair
ORD1023,2025,Qtr 2,April,27,Neha,Mumbai,Shoes
ORD1024,2025,Qtr 2,June,29,Rohit,Bengaluru,Mouse
ORD1026,2025,Qtr 2,April,5,Sneha,Bengaluru,Bottle
ORD1028,2025,Qtr 2,June,5,Amit,Lucknow,Watch
ORD1030,2025,Qtr 2,April,25,Rahul,Mumbai,Shoes
ORD1048,2025,Qtr 1,February,25,Sneha,Bengaluru,Shoes
ORD1052,2025,Qtr 1,February,25,Sneha,Pune,Mouse
ORD1057,2025,Qtr 1,February,3,Rohit,Bengaluru,Chair
ORD1061,2025,Qtr 2,June,1,Vikas,Jaipur,Shoes
ORD1062,2025,Qtr 2,June,29,Amit,Pune,Watch
ORD1064,2025,Qtr 2,June,28,Rohit,Lucknow,Bottle
ORD1065,2025,Qtr 2,April,27,Sneha,Mumbai,Shoes
ORD1070,2025,Qtr 1,February,28,Sneha,Delhi,Chair
ORD1078,2025,Qtr 1,February,1,Neha,Lucknow,Chair
ORD1079,2025,Qtr 1,January,27,Priya,Lucknow,Mouse
ORD1082,2025,Qtr 2,June,1,Vikas,Pune,Watch
ORD1084,2025,Qtr 1,January,28,Sneha,Delhi,Mouse
ORD1085,2025,Qtr 1,January,2,Vikas,Mumbai,Chair
ORD1086,2025,Qtr 1,March,24,Rahul,Lucknow,Mouse
ORD1088,2025,Qtr 2,May,4,Rahul,Bengaluru,Bottle
ORD1092,2025,Qtr 2,April,29,Sneha,Lucknow,Shoes
ORD1097,2025,Qtr 2,April,1,Sneha,Mumbai,Shoes
ORD1098,2025,Qtr 2,June,1,Neha,Mumbai,Chair
ORD1102,2025,Qtr 1,January,7,Sneha,Mumbai,Chair
ORD1103,2025,Qtr 1,January,26,Rohit,Pune,Mouse
ORD1111,2025,Qtr 2,April,9,Rohit,Pune,Shoes
ORD1112,2025,Qtr 2,May,31,Rohit,Bengaluru,Bottle
ORD1114,2025,Qtr 2,June,23,Rahul,Jaipur,Chair
ORD1122,2025,Qtr 1,January,22,Neha,Delhi,Shoes
ORD1123,2025,Qtr 2,April,30,Rohit,Mumbai,Watch
ORD1131,2025,Qtr 2,May,31,Sneha,Lucknow,Bottle
ORD1133,2025,Qtr 2,June,6,Vikas,Jaipur,Watch
ORD1134,2025,Qtr 1,March,2,Vikas,Pune,Laptop
ORD1137,2025,Qtr 2,May,8,Priya,Delhi,Mouse
ORD1140,2025,Qtr 2,May,5,Neha,Lucknow,Laptop
ORD1145,2025,Qtr 2,April,27,Rahul,Mumbai,Bottle
ORD1147,2025,Qtr 2,May,27,Priya,Pune,Bottle
ORD1148,2025,Qtr 1,March,28,Rahul,Mumbai,Watch
ORD1149,2025,Qtr 2,April,1,Priya,Pune,Shoes
ORD1161,2025,Qtr 2,June,30,Priya,Mumbai,Chair
ORD1164,2025,Qtr 2,April,3,Vikas,Lucknow,Bottle
ORD1166,2025,Qtr 2,April,2,Neha,Delhi,Chair
ORD1168,2025,Qtr 1,February,27,Vikas,Lucknow,Watch
ORD1169,2025,Qtr 1,February,28,Rahul,Delhi,Watch
ORD1176,2025,Qtr 2,June,3,Neha,Mumbai,Mouse
ORD1178,2025,Qtr 2,April,26,Rohit,Lucknow,Watch
ORD1182,2025,Qtr 2,June,25,Rahul,Bengaluru,Bottle
ORD1184,2025,Qtr 2,June,30,Priya,Jaipur,Chair
ORD1186,2025,Qtr 1,March,31,Vikas,Mumbai,Chair
ORD1193,2025,Qtr 1,February,24,Rahul,Pune,Bottle
ORD1195,2025,Qtr 2,June,26,Rahul,Pune,Shoes
ORD1203,2025,Qtr 2,April,29,Vikas,Bengaluru,Bottle
ORD1204,2025,Qtr 2,April,27,Amit,Lucknow,Chair
ORD1205,2025,Qtr 2,May,1,Sneha,Pune,Watch
ORD1209,2025,Qtr 2,April,6,Sneha,Pune,Mouse
ORD1210,2025,Qtr 1,March,30,Amit,Mumbai,Laptop
ORD1213,2025,Qtr 1,March,24,Vikas,Mumbai,Mouse
ORD1214,2025,Qtr 1,January,22,Neha,Lucknow,Shoes
ORD1220,2025,Qtr 2,April,4,Rohit,Bengaluru,Watch
ORD1221,2025,Qtr 1,February,2,Vikas,Lucknow,Bottle
ORD1223,2025,Qtr 2,May,1,Vikas,Pune,Watch
ORD1228,2025,Qtr 1,March,6,Priya,Bengaluru,Shoes
ORD1229,2025,Qtr 2,June,6,Rohit,Jaipur,Bottle
ORD1231,2025,Qtr 2,May,7,Neha,Lucknow,Bottle
ORD1232,2025,Qtr 1,January,2,Rohit,Pune,Watch
ORD1236,2025,Qtr 1,March,30,Sneha,Pune,Shoes
ORD1237,2025,Qtr 1,February,8,Sneha,Delhi,Mouse
ORD1239,2025,Qtr 1,February,2,Amit,Delhi,Mouse
ORD1247,2025,Qtr 2,June,28,Amit,Delhi,Chair
ORD1251,2025,Qtr 2,June,26,Neha,Mumbai,Watch
ORD1253,2025,Qtr 1,March,27,Priya,Pune,Laptop
ORD1254,2025,Qtr 1,January,1,Priya,Jaipur,Laptop
ORD1255,2025,Qtr 2,May,27,Rahul,Mumbai,Bottle
ORD1256,2025,Qtr 1,January,2,Rahul,Mumbai,Laptop
ORD1262,2025,Qtr 2,June,29,Sneha,Pune,Bottle
ORD1265,2025,Qtr 2,June,26,Neha,Lucknow,Laptop
ORD1274,2025,Qtr 2,May,1,Sneha,Pune,Bottle
ORD1278,2025,Qtr 2,May,31,Amit,Pune,Watch
ORD1283,2025,Qtr 2,April,26,Vikas,Jaipur,Laptop
ORD1286,2025,Qtr 2,April,3,Sneha,Mumbai,Shoes
ORD1289,2025,Qtr 1,March,31,Vikas,Jaipur,Watch
ORD1290,2025,Qtr 1,March,6,Priya,Bengaluru,Laptop
ORD1294,2025,Qtr 2,June,1,Amit,Pune,Shoes
ORD1295,2025,Qtr 2,June,24,Priya,Lucknow,Watch
ORD1305,2025,Qtr 1,February,9,Vikas,Bengaluru,Chair
ORD1308,2025,Qtr 1,February,9,Rahul,Delhi,Chair
ORD1311,2025,Qtr 2,June,23,Sneha,Jaipur,Bottle
ORD1312,2025,Qtr 1,February,3,Amit,Pune,Laptop
ORD1319,2025,Qtr 2,June,10,Rahul,Mumbai,Mouse
ORD1323,2025,Qtr 1,January,4,Priya,Jaipur,Shoes
ORD1327,2025,Qtr 2,June,23,Amit,Delhi,Laptop
ORD1330,2025,Qtr 2,June,6,Vikas,Lucknow,Mouse
ORD1334,2025,Qtr 1,February,27,Rahul,Pune,Bottle
ORD1336,2025,Qtr 1,January,3,Amit,Lucknow,Chair
ORD1340,2025,Qtr 1,March,27,Rohit,Mumbai,Shoes
ORD1348,2025,Qtr 2,May,7,Rahul,Mumbai,Mouse
ORD1353,2025,Qtr 1,February,7,Sneha,Bengaluru,Watch
ORD1359,2025,Qtr 2,June,3,Priya,Bengaluru,Shoes
ORD1367,2025,Qtr 2,April,4,Amit,Lucknow,Bottle
ORD1376,2025,Qtr 2,June,1,Sneha,Lucknow,Mouse
ORD1380,2025,Qtr 1,February,23,Rahul,Mumbai,Laptop
ORD1381,2025,Qtr 1,February,6,Neha,Bengaluru,Shoes
ORD1382,2025,Qtr 1,January,25,Rahul,Mumbai,Chair
ORD1383,2025,Qtr 1,January,31,Sneha,Pune,Shoes
ORD1384,2025,Qtr 2,June,4,Vikas,Mumbai,Bottle
ORD1386,2025,Qtr 1,March,2,Amit,Lucknow,Shoes
ORD1390,2025,Qtr 1,March,2,Sneha,Delhi,Laptop
ORD1395,2025,Qtr 2,June,29,Neha,Lucknow,Chair
ORD1398,2025,Qtr 1,March,2,Neha,Bengaluru,Laptop
ORD1409,2025,Qtr 1,February,6,Priya,Delhi,Watch
ORD1410,2025,Qtr 1,March,10,Rahul,Bengaluru,Chair
ORD1412,2025,Qtr 2,April,24,Vikas,Mumbai,Watch
ORD1419,2025,Qtr 2,June,23,Rohit,Jaipur,Chair
ORD1424,2025,Qtr 1,March,29,Priya,Bengaluru,Laptop
ORD1428,2025,Qtr 2,April,2,Priya,Jaipur,Bottle
ORD1435,2025,Qtr 1,March,5,Rohit,Lucknow,Laptop
ORD1436,2025,Qtr 2,June,22,Amit,Lucknow,Watch
ORD1444,2025,Qtr 2,April,2,Priya,Delhi,Bottle
ORD1445,2025,Qtr 2,May,4,Vikas,Pune,Mouse
ORD1452,2025,Qtr 2,May,23,Rahul,Delhi,Laptop
ORD1456,2025,Qtr 2,May,1,Rohit,Pune,Watch
ORD1460,2025,Qtr 1,February,1,Vikas,Bengaluru,Mouse
ORD1461,2025,Qtr 2,April,1,Rahul,Jaipur,Shoes
ORD1462,2025,Qtr 1,March,25,Priya,Mumbai,Shoes
ORD1469,2025,Qtr 2,April,1,Rahul,Bengaluru,Bottle
ORD1470,2025,Qtr 1,January,3,Priya,Jaipur,Watch
ORD1482,2025,Qtr 2,April,27,Rahul,Pune,Mouse
ORD1491,2025,Qtr 1,March,4,Priya,Lucknow,Laptop
ORD1493,2025,Qtr 1,March,5,Sneha,Delhi,Mouse
ORD1498,2025,Qtr 2,April,26,Priya,Jaipur,Mouse
ORD1499,2025,Qtr 2,May,9,Neha,Bengaluru,Laptop
ORD1501,2025,Qtr 2,April,28,Amit,Lucknow,Chair
ORD1601,2025,Qtr 2,April,28,Amit,Lucknow,Chair
ORD1602,2025,Qtr 2,June,30,Neha,Delhi,Chair
ORD1603,2025,Qtr 1,February,3,Rohit,Pune,Watch
ORD1604,2025,Qtr 2,May,6,Amit,Jaipur,Mouse
ORD1612,2025,Qtr 1,March,3,Vikas,Jaipur,Shoes
